﻿{
    "configurations": [
        {
            "name": "x64-Release",
            "generator": "Ninja",
            "configurationType": "Release",
            "inheritEnvironments": [ "msvc_x64" ],
            "buildRoot": "${projectDir}\\out\\build\\${name}",
            "installRoot": "${projectDir}\\out\\install\\${name}",
            "cmakeCommandArgs": "",
            "buildCommandArgs": "",
            "ctestCommandArgs": ""
        },
        {
            "name": "WSL-GCC-Release",
            "generator": "Ninja",
            "configurationType": "RelWithDebInfo",
            "buildRoot": "${projectDir}\\out\\build\\${name}",
            "installRoot": "${projectDir}\\out\\install\\${name}",
            "cmakeExecutable": "cmake",
            "cmakeCommandArgs": "",
            "buildCommandArgs": "",
            "ctestCommandArgs": "",
            "inheritEnvironments": [ "linux_x64" ],
            "wslPath": "${defaultWSLPath}"
        }
    ]
}